{
  "properties": {
    "connectionReferences": {},
    "definition": {
      "$schema": "https://schema.management.azure.com/providers/Microsoft.Logic/schemas/2016-06-01/workflowdefinition.json#",
      "contentVersion": "1.0.0.0",
      "parameters": {
        "$authentication": {
          "defaultValue": {},
          "type": "SecureObject"
        },
        "FC API Key (cont_FCAPIKey)": {
          "defaultValue": "fca_live_Arz3dC57Pw666fwniSMaT5SB9xLrES9KuDFRsthf",
          "type": "String",
          "metadata": {
            "schemaName": "cont_FCAPIKey"
          }
        },
        "FC API URL (cont_FCAPIURL)": {
          "defaultValue": "https://api.freecurrencyapi.com/v1/",
          "type": "String",
          "metadata": {
            "schemaName": "cont_FCAPIURL"
          }
        }
      },
      "triggers": {
        "Recurrence": {
          "recurrence": {
            "frequency": "Day",
            "interval": 1,
            "timeZone": "Mountain Standard Time",
            "schedule": {
              "hours": [
                "8"
              ]
            }
          },
          "metadata": {
            "operationMetadataId": "57f6ee17-d733-4363-9fde-073b12e59d13"
          },
          "type": "Recurrence"
        }
      },
      "actions": {
        "Initialize_CurrentDate": {
          "runAfter": {},
          "metadata": {
            "operationMetadataId": "c7f64b1f-4e3d-4d5d-ae14-8c0dd6d1f584"
          },
          "type": "InitializeVariable",
          "inputs": {
            "variables": [
              {
                "name": "CurrentDate",
                "type": "string",
                "value": "@convertFromUtc(utcNow(),'Mountain Standard Time')"
              }
            ]
          }
        },
        "Get_FC_Latest": {
          "runAfter": {
            "Initialize_CurrentDate": [
              "Succeeded"
            ]
          },
          "metadata": {
            "operationMetadataId": "94c8add0-1a13-4d8e-b45a-313b54bc841c"
          },
          "type": "Http",
          "inputs": {
            "method": "GET",
            "uri": "@{parameters('FC API URL (cont_FCAPIURL)')}currencies?apikey=@{parameters('FC API Key (cont_FCAPIKey)')}"
          }
        }
      }
    },
    "templateName": ""
  },
  "schemaVersion": "1.0.0.0"
}