﻿<?xml version="1.0" encoding="utf-8"?>
<ImportExportXml version="9.2.24083.202" SolutionPackageVersion="9.2" languagecode="1033" generatedBy="CrmLive" xmlns:xsi="http://www.w3.org/2001/XMLSchema-instance" OrganizationVersion="9.2.24083.202" OrganizationSchemaType="Standard" OrganizationType="Developer" TenantId="9ead217e-7624-4b1a-b877-3cb3d835f38d" CRMServerServiceabilityVersion="9.2.24083.00202">
  <SolutionManifest>
    <UniqueName>GraphAPIDemo</UniqueName>
    <LocalizedNames>
      <LocalizedName description="Graph API Demo" languagecode="1033" />
    </LocalizedNames>
    <Descriptions>
      <Description description="Upgrade of Graph API Demo" languagecode="1033" />
    </Descriptions>
    <Version>1.1.0.0</Version>
    <Managed>0</Managed>
    <Publisher>
      <UniqueName>contoso_university</UniqueName>
      <LocalizedNames>
        <LocalizedName description="Contoso Electronics" languagecode="1033" />
        <LocalizedName description="Contoso Électronique" languagecode="1036" />
      </LocalizedNames>
      <Descriptions />
      <EMailAddress xsi:nil="true"></EMailAddress>
      <SupportingWebsiteUrl xsi:nil="true"></SupportingWebsiteUrl>
      <CustomizationPrefix>ce</CustomizationPrefix>
      <CustomizationOptionValuePrefix>12146</CustomizationOptionValuePrefix>
      <Addresses>
        <Address>
          <AddressNumber>1</AddressNumber>
          <AddressTypeCode>1</AddressTypeCode>
          <City xsi:nil="true"></City>
          <County xsi:nil="true"></County>
          <Country xsi:nil="true"></Country>
          <Fax xsi:nil="true"></Fax>
          <FreightTermsCode xsi:nil="true"></FreightTermsCode>
          <ImportSequenceNumber xsi:nil="true"></ImportSequenceNumber>
          <Latitude xsi:nil="true"></Latitude>
          <Line1 xsi:nil="true"></Line1>
          <Line2 xsi:nil="true"></Line2>
          <Line3 xsi:nil="true"></Line3>
          <Longitude xsi:nil="true"></Longitude>
          <Name xsi:nil="true"></Name>
          <PostalCode xsi:nil="true"></PostalCode>
          <PostOfficeBox xsi:nil="true"></PostOfficeBox>
          <PrimaryContactName xsi:nil="true"></PrimaryContactName>
          <ShippingMethodCode>1</ShippingMethodCode>
          <StateOrProvince xsi:nil="true"></StateOrProvince>
          <Telephone1 xsi:nil="true"></Telephone1>
          <Telephone2 xsi:nil="true"></Telephone2>
          <Telephone3 xsi:nil="true"></Telephone3>
          <TimeZoneRuleVersionNumber xsi:nil="true"></TimeZoneRuleVersionNumber>
          <UPSZone xsi:nil="true"></UPSZone>
          <UTCOffset xsi:nil="true"></UTCOffset>
          <UTCConversionTimeZoneCode xsi:nil="true"></UTCConversionTimeZoneCode>
        </Address>
        <Address>
          <AddressNumber>2</AddressNumber>
          <AddressTypeCode>1</AddressTypeCode>
          <City xsi:nil="true"></City>
          <County xsi:nil="true"></County>
          <Country xsi:nil="true"></Country>
          <Fax xsi:nil="true"></Fax>
          <FreightTermsCode xsi:nil="true"></FreightTermsCode>
          <ImportSequenceNumber xsi:nil="true"></ImportSequenceNumber>
          <Latitude xsi:nil="true"></Latitude>
          <Line1 xsi:nil="true"></Line1>
          <Line2 xsi:nil="true"></Line2>
          <Line3 xsi:nil="true"></Line3>
          <Longitude xsi:nil="true"></Longitude>
          <Name xsi:nil="true"></Name>
          <PostalCode xsi:nil="true"></PostalCode>
          <PostOfficeBox xsi:nil="true"></PostOfficeBox>
          <PrimaryContactName xsi:nil="true"></PrimaryContactName>
          <ShippingMethodCode>1</ShippingMethodCode>
          <StateOrProvince xsi:nil="true"></StateOrProvince>
          <Telephone1 xsi:nil="true"></Telephone1>
          <Telephone2 xsi:nil="true"></Telephone2>
          <Telephone3 xsi:nil="true"></Telephone3>
          <TimeZoneRuleVersionNumber xsi:nil="true"></TimeZoneRuleVersionNumber>
          <UPSZone xsi:nil="true"></UPSZone>
          <UTCOffset xsi:nil="true"></UTCOffset>
          <UTCConversionTimeZoneCode xsi:nil="true"></UTCConversionTimeZoneCode>
        </Address>
      </Addresses>
    </Publisher>
    <RootComponents>
      <RootComponent type="1" schemaName="cr4bc_auditsample" behavior="0" />
      <RootComponent type="29" id="{54113329-6ebc-ed11-83ff-000d3a1b9171}" behavior="0" />
      <RootComponent type="29" id="{5e0e085c-20b9-ed11-83ff-000d3a1b9171}" behavior="0" />
      <RootComponent type="29" id="{84cce078-3fba-ed11-83ff-000d3a1b9171}" behavior="0" />
      <RootComponent type="29" id="{8e3e7eaf-b4b7-ed11-83ff-000d3a1b9171}" behavior="0" />
      <RootComponent type="29" id="{a38b8a2c-7e52-ee11-be6f-000d3a1b9171}" behavior="0" />
      <RootComponent type="29" id="{a4374633-dc24-ee11-9cbd-000d3a1b9171}" behavior="0" />
      <RootComponent type="29" id="{bf590e94-b5b7-ed11-83ff-000d3a1b9171}" behavior="0" />
      <RootComponent type="29" id="{c3dc5013-16ba-ed11-83ff-000d3a1b9171}" behavior="0" />
    </RootComponents>
    <MissingDependencies />
  </SolutionManifest>
</ImportExportXml>