﻿<?xml version="1.0" encoding="utf-8"?>
<ImportExportXml version="9.2.24071.208" SolutionPackageVersion="9.2" languagecode="1033" generatedBy="CrmLive" xmlns:xsi="http://www.w3.org/2001/XMLSchema-instance">
  <SolutionManifest>
    <UniqueName>contoso_university_core</UniqueName>
    <LocalizedNames>
      <LocalizedName description="Contoso University - Core" languagecode="1033" />
      <LocalizedName description="Contoso University - Core" languagecode="1036" />
    </LocalizedNames>
    <Descriptions>
      <Description description="Upgrade of Contoso University - Core" languagecode="1033" />
      <Description description="Mise à niveau de Contoso University - Core" languagecode="1036" />
    </Descriptions>
    <Version>1.5.1.24</Version>
    <Managed>0</Managed>
    <Publisher>
      <UniqueName>contoso_university</UniqueName>
      <LocalizedNames>
        <LocalizedName description="Contoso Electronics" languagecode="1033" />
        <LocalizedName description="Contoso Électronique" languagecode="1036" />
      </LocalizedNames>
      <Descriptions />
      <EMailAddress xsi:nil="true"></EMailAddress>
      <SupportingWebsiteUrl xsi:nil="true"></SupportingWebsiteUrl>
      <CustomizationPrefix>ce</CustomizationPrefix>
      <CustomizationOptionValuePrefix>12146</CustomizationOptionValuePrefix>
      <Addresses>
        <Address>
          <AddressNumber>1</AddressNumber>
          <AddressTypeCode>1</AddressTypeCode>
          <City xsi:nil="true"></City>
          <County xsi:nil="true"></County>
          <Country xsi:nil="true"></Country>
          <Fax xsi:nil="true"></Fax>
          <FreightTermsCode xsi:nil="true"></FreightTermsCode>
          <ImportSequenceNumber xsi:nil="true"></ImportSequenceNumber>
          <Latitude xsi:nil="true"></Latitude>
          <Line1 xsi:nil="true"></Line1>
          <Line2 xsi:nil="true"></Line2>
          <Line3 xsi:nil="true"></Line3>
          <Longitude xsi:nil="true"></Longitude>
          <Name xsi:nil="true"></Name>
          <PostalCode xsi:nil="true"></PostalCode>
          <PostOfficeBox xsi:nil="true"></PostOfficeBox>
          <PrimaryContactName xsi:nil="true"></PrimaryContactName>
          <ShippingMethodCode>1</ShippingMethodCode>
          <StateOrProvince xsi:nil="true"></StateOrProvince>
          <Telephone1 xsi:nil="true"></Telephone1>
          <Telephone2 xsi:nil="true"></Telephone2>
          <Telephone3 xsi:nil="true"></Telephone3>
          <TimeZoneRuleVersionNumber xsi:nil="true"></TimeZoneRuleVersionNumber>
          <UPSZone xsi:nil="true"></UPSZone>
          <UTCOffset xsi:nil="true"></UTCOffset>
          <UTCConversionTimeZoneCode xsi:nil="true"></UTCConversionTimeZoneCode>
        </Address>
        <Address>
          <AddressNumber>2</AddressNumber>
          <AddressTypeCode>1</AddressTypeCode>
          <City xsi:nil="true"></City>
          <County xsi:nil="true"></County>
          <Country xsi:nil="true"></Country>
          <Fax xsi:nil="true"></Fax>
          <FreightTermsCode xsi:nil="true"></FreightTermsCode>
          <ImportSequenceNumber xsi:nil="true"></ImportSequenceNumber>
          <Latitude xsi:nil="true"></Latitude>
          <Line1 xsi:nil="true"></Line1>
          <Line2 xsi:nil="true"></Line2>
          <Line3 xsi:nil="true"></Line3>
          <Longitude xsi:nil="true"></Longitude>
          <Name xsi:nil="true"></Name>
          <PostalCode xsi:nil="true"></PostalCode>
          <PostOfficeBox xsi:nil="true"></PostOfficeBox>
          <PrimaryContactName xsi:nil="true"></PrimaryContactName>
          <ShippingMethodCode>1</ShippingMethodCode>
          <StateOrProvince xsi:nil="true"></StateOrProvince>
          <Telephone1 xsi:nil="true"></Telephone1>
          <Telephone2 xsi:nil="true"></Telephone2>
          <Telephone3 xsi:nil="true"></Telephone3>
          <TimeZoneRuleVersionNumber xsi:nil="true"></TimeZoneRuleVersionNumber>
          <UPSZone xsi:nil="true"></UPSZone>
          <UTCOffset xsi:nil="true"></UTCOffset>
          <UTCConversionTimeZoneCode xsi:nil="true"></UTCConversionTimeZoneCode>
        </Address>
      </Addresses>
    </Publisher>
    <RootComponents>
      <RootComponent type="1" schemaName="ce_admissionbusinessprocessflow" behavior="0" />
      <RootComponent type="1" schemaName="cu_application" behavior="0" />
      <RootComponent type="1" schemaName="cu_department" behavior="0" />
      <RootComponent type="1" schemaName="cu_major" behavior="0" />
      <RootComponent type="1" schemaName="cu_semester" behavior="0" />
      <RootComponent type="29" id="{84a96a08-5731-ee11-bdf3-000d3a1b9171}" behavior="0" />
      <RootComponent type="29" id="{91cd3696-976c-ee11-8df0-000d3a1b9171}" behavior="0" />
      <RootComponent type="300" schemaName="ce_admissiondefaultcommandlibrary_a1e1f" behavior="0" />
      <RootComponent type="300" schemaName="ce_universitycustompage_42561" behavior="0" />
      <RootComponent type="300" schemaName="cu_contosouniversity_8f4f5" behavior="0" />
      <RootComponent type="60" id="{ad71b4ca-99dd-ee11-904d-000d3a1b9171}" />
      <RootComponent type="60" id="{d477a387-9add-ee11-904d-000d3a1b9171}" behavior="0" />
      <RootComponent type="61" schemaName="accessChecker_openDialog.js" behavior="0" />
      <RootComponent type="62" schemaName="ce_Admission" behavior="0" />
      <RootComponent type="80" schemaName="ce_Admission" behavior="0" />
    </RootComponents>
    <MissingDependencies>
      <MissingDependency>
        <Required type="61" schemaName="accessChecker_openDialog.js" displayName="accessChecker_openDialog.js" solution="msft_AccessCheckerExtension (1.1.0.4)" />
        <Dependent type="61" schemaName="accessChecker_openDialog.js" displayName="accessChecker_openDialog.js" />
      </MissingDependency>
      <MissingDependency>
        <Required type="61" schemaName="msdyn_/Images/AppModule_Default_Icon.png" displayName="msdyn_/Images/AppModule_Default_Icon.png" solution="AppModuleWebResources (2.5)" />
        <Dependent type="80" schemaName="ce_Admission" displayName="Admission" />
      </MissingDependency>
    </MissingDependencies>
  </SolutionManifest>
</ImportExportXml>