<environmentvariabledefinition schemaname="ce_TestingStuffOut">
  <apiid>/providers/microsoft.powerapps/apis/shared_sharepointonline</apiid>
  <displayname default="TestingStuffOut">
    <label description="TestingStuffOut" languagecode="1033" />
  </displayname>
  <introducedversion>1.2.1.0</introducedversion>
  <iscustomizable>1</iscustomizable>
  <isrequired>0</isrequired>
  <parameterkey>dataset</parameterkey>
  <secretstore>0</secretstore>
  <type>100000004</type>
</environmentvariabledefinition>