﻿<?xml version="1.0" encoding="utf-8"?>
<ImportExportXml xmlns:xsi="http://www.w3.org/2001/XMLSchema-instance" OrganizationVersion="9.2.24083.202" OrganizationSchemaType="Standard" OrganizationType="Developer" TenantId="9ead217e-7624-4b1a-b877-3cb3d835f38d" CRMServerServiceabilityVersion="9.2.24083.00202">
  <Entities />
  <Roles />
  <Workflows>
    <Workflow WorkflowId="{54113329-6ebc-ed11-83ff-000d3a1b9171}" Name="Get Power BI AuditLogs (Dataverse)">
      <JsonFileName>/Workflows/GetPowerBIAuditLogsDataverse-54113329-6EBC-ED11-83FF-000D3A1B9171.json</JsonFileName>
      <Type>1</Type>
      <Subprocess>0</Subprocess>
      <Category>5</Category>
      <Mode>0</Mode>
      <Scope>4</Scope>
      <OnDemand>0</OnDemand>
      <TriggerOnCreate>0</TriggerOnCreate>
      <TriggerOnDelete>0</TriggerOnDelete>
      <AsyncAutodelete>0</AsyncAutodelete>
      <SyncWorkflowLogOnFailure>0</SyncWorkflowLogOnFailure>
      <StateCode>1</StateCode>
      <StatusCode>2</StatusCode>
      <RunAs>1</RunAs>
      <IsTransacted>1</IsTransacted>
      <IntroducedVersion>1.0.0.0</IntroducedVersion>
      <IsCustomizable>1</IsCustomizable>
      <BusinessProcessType>0</BusinessProcessType>
      <IsCustomProcessingStepAllowedForOtherPublishers>1</IsCustomProcessingStepAllowedForOtherPublishers>
      <PrimaryEntity>none</PrimaryEntity>
      <LocalizedNames>
        <LocalizedName languagecode="1033" description="Get Power BI AuditLogs (Dataverse)" />
      </LocalizedNames>
    </Workflow>
    <Workflow WorkflowId="{a38b8a2c-7e52-ee11-be6f-000d3a1b9171}" Name="Get Shifts">
      <JsonFileName>/Workflows/GetShifts-A38B8A2C-7E52-EE11-BE6F-000D3A1B9171.json</JsonFileName>
      <Type>1</Type>
      <Subprocess>0</Subprocess>
      <Category>5</Category>
      <Mode>0</Mode>
      <Scope>4</Scope>
      <OnDemand>0</OnDemand>
      <TriggerOnCreate>0</TriggerOnCreate>
      <TriggerOnDelete>0</TriggerOnDelete>
      <AsyncAutodelete>0</AsyncAutodelete>
      <SyncWorkflowLogOnFailure>0</SyncWorkflowLogOnFailure>
      <StateCode>1</StateCode>
      <StatusCode>2</StatusCode>
      <RunAs>1</RunAs>
      <IsTransacted>1</IsTransacted>
      <IntroducedVersion>1.1.0.0</IntroducedVersion>
      <IsCustomizable>1</IsCustomizable>
      <BusinessProcessType>0</BusinessProcessType>
      <IsCustomProcessingStepAllowedForOtherPublishers>1</IsCustomProcessingStepAllowedForOtherPublishers>
      <PrimaryEntity>none</PrimaryEntity>
      <LocalizedNames>
        <LocalizedName languagecode="1033" description="Get Shifts" />
      </LocalizedNames>
    </Workflow>
    <Workflow WorkflowId="{5e0e085c-20b9-ed11-83ff-000d3a1b9171}" Name="Get AuditLogs">
      <JsonFileName>/Workflows/GetAuditLogs-5E0E085C-20B9-ED11-83FF-000D3A1B9171.json</JsonFileName>
      <Type>1</Type>
      <Subprocess>0</Subprocess>
      <Category>5</Category>
      <Mode>0</Mode>
      <Scope>4</Scope>
      <OnDemand>0</OnDemand>
      <TriggerOnCreate>0</TriggerOnCreate>
      <TriggerOnDelete>0</TriggerOnDelete>
      <AsyncAutodelete>0</AsyncAutodelete>
      <SyncWorkflowLogOnFailure>0</SyncWorkflowLogOnFailure>
      <StateCode>0</StateCode>
      <StatusCode>1</StatusCode>
      <RunAs>1</RunAs>
      <IsTransacted>1</IsTransacted>
      <IntroducedVersion>1.0</IntroducedVersion>
      <IsCustomizable>1</IsCustomizable>
      <BusinessProcessType>0</BusinessProcessType>
      <IsCustomProcessingStepAllowedForOtherPublishers>1</IsCustomProcessingStepAllowedForOtherPublishers>
      <PrimaryEntity>none</PrimaryEntity>
      <LocalizedNames>
        <LocalizedName languagecode="1033" description="Get AuditLogs" />
      </LocalizedNames>
    </Workflow>
    <Workflow WorkflowId="{bf590e94-b5b7-ed11-83ff-000d3a1b9171}" Name="Get license Info">
      <JsonFileName>/Workflows/GetlicenseInfo-BF590E94-B5B7-ED11-83FF-000D3A1B9171.json</JsonFileName>
      <Type>1</Type>
      <Subprocess>0</Subprocess>
      <Category>5</Category>
      <Mode>0</Mode>
      <Scope>4</Scope>
      <OnDemand>0</OnDemand>
      <TriggerOnCreate>0</TriggerOnCreate>
      <TriggerOnDelete>0</TriggerOnDelete>
      <AsyncAutodelete>0</AsyncAutodelete>
      <SyncWorkflowLogOnFailure>0</SyncWorkflowLogOnFailure>
      <StateCode>0</StateCode>
      <StatusCode>1</StatusCode>
      <RunAs>1</RunAs>
      <IsTransacted>1</IsTransacted>
      <IntroducedVersion>1.0.0.0</IntroducedVersion>
      <IsCustomizable>1</IsCustomizable>
      <BusinessProcessType>0</BusinessProcessType>
      <IsCustomProcessingStepAllowedForOtherPublishers>1</IsCustomProcessingStepAllowedForOtherPublishers>
      <PrimaryEntity>none</PrimaryEntity>
      <LocalizedNames>
        <LocalizedName languagecode="1033" description="Get license Info" />
      </LocalizedNames>
    </Workflow>
    <Workflow WorkflowId="{a4374633-dc24-ee11-9cbd-000d3a1b9171}" Name="Get Bookings Appointments by Services">
      <JsonFileName>/Workflows/GetBookingsAppointmentsbyServices-A4374633-DC24-EE11-9CBD-000D3A1B9171.json</JsonFileName>
      <Type>1</Type>
      <Subprocess>0</Subprocess>
      <Category>5</Category>
      <Mode>0</Mode>
      <Scope>4</Scope>
      <OnDemand>0</OnDemand>
      <TriggerOnCreate>0</TriggerOnCreate>
      <TriggerOnDelete>0</TriggerOnDelete>
      <AsyncAutodelete>0</AsyncAutodelete>
      <SyncWorkflowLogOnFailure>0</SyncWorkflowLogOnFailure>
      <StateCode>1</StateCode>
      <StatusCode>2</StatusCode>
      <RunAs>1</RunAs>
      <IsTransacted>1</IsTransacted>
      <IntroducedVersion>1.0.0.0</IntroducedVersion>
      <IsCustomizable>1</IsCustomizable>
      <BusinessProcessType>0</BusinessProcessType>
      <IsCustomProcessingStepAllowedForOtherPublishers>1</IsCustomProcessingStepAllowedForOtherPublishers>
      <PrimaryEntity>none</PrimaryEntity>
      <LocalizedNames>
        <LocalizedName languagecode="1033" description="Get Bookings Appointments by Services" />
      </LocalizedNames>
    </Workflow>
    <Workflow WorkflowId="{84cce078-3fba-ed11-83ff-000d3a1b9171}" Name="Get Usage Activities">
      <JsonFileName>/Workflows/GetUsageActivities-84CCE078-3FBA-ED11-83FF-000D3A1B9171.json</JsonFileName>
      <Type>1</Type>
      <Subprocess>0</Subprocess>
      <Category>5</Category>
      <Mode>0</Mode>
      <Scope>4</Scope>
      <OnDemand>0</OnDemand>
      <TriggerOnCreate>0</TriggerOnCreate>
      <TriggerOnDelete>0</TriggerOnDelete>
      <AsyncAutodelete>0</AsyncAutodelete>
      <SyncWorkflowLogOnFailure>0</SyncWorkflowLogOnFailure>
      <StateCode>1</StateCode>
      <StatusCode>2</StatusCode>
      <RunAs>1</RunAs>
      <IsTransacted>1</IsTransacted>
      <IntroducedVersion>1.0.0.0</IntroducedVersion>
      <IsCustomizable>1</IsCustomizable>
      <BusinessProcessType>0</BusinessProcessType>
      <IsCustomProcessingStepAllowedForOtherPublishers>1</IsCustomProcessingStepAllowedForOtherPublishers>
      <PrimaryEntity>none</PrimaryEntity>
      <LocalizedNames>
        <LocalizedName languagecode="1033" description="Get Usage Activities" />
      </LocalizedNames>
    </Workflow>
    <Workflow WorkflowId="{c3dc5013-16ba-ed11-83ff-000d3a1b9171}" Name="Get Usage Detail Activities">
      <JsonFileName>/Workflows/GetUsageDetailActivities-C3DC5013-16BA-ED11-83FF-000D3A1B9171.json</JsonFileName>
      <Type>1</Type>
      <Subprocess>0</Subprocess>
      <Category>5</Category>
      <Mode>0</Mode>
      <Scope>4</Scope>
      <OnDemand>0</OnDemand>
      <TriggerOnCreate>0</TriggerOnCreate>
      <TriggerOnDelete>0</TriggerOnDelete>
      <AsyncAutodelete>0</AsyncAutodelete>
      <SyncWorkflowLogOnFailure>0</SyncWorkflowLogOnFailure>
      <StateCode>1</StateCode>
      <StatusCode>2</StatusCode>
      <RunAs>1</RunAs>
      <IsTransacted>1</IsTransacted>
      <IntroducedVersion>1.0</IntroducedVersion>
      <IsCustomizable>1</IsCustomizable>
      <BusinessProcessType>0</BusinessProcessType>
      <IsCustomProcessingStepAllowedForOtherPublishers>1</IsCustomProcessingStepAllowedForOtherPublishers>
      <PrimaryEntity>none</PrimaryEntity>
      <LocalizedNames>
        <LocalizedName languagecode="1033" description="Get Usage Detail Activities" />
      </LocalizedNames>
    </Workflow>
    <Workflow WorkflowId="{8e3e7eaf-b4b7-ed11-83ff-000d3a1b9171}" Name="Get Users">
      <JsonFileName>/Workflows/GetUsers-8E3E7EAF-B4B7-ED11-83FF-000D3A1B9171.json</JsonFileName>
      <Type>1</Type>
      <Subprocess>0</Subprocess>
      <Category>5</Category>
      <Mode>0</Mode>
      <Scope>4</Scope>
      <OnDemand>0</OnDemand>
      <TriggerOnCreate>0</TriggerOnCreate>
      <TriggerOnDelete>0</TriggerOnDelete>
      <AsyncAutodelete>0</AsyncAutodelete>
      <SyncWorkflowLogOnFailure>0</SyncWorkflowLogOnFailure>
      <StateCode>1</StateCode>
      <StatusCode>2</StatusCode>
      <RunAs>1</RunAs>
      <IsTransacted>1</IsTransacted>
      <IntroducedVersion>1.0.0.0</IntroducedVersion>
      <IsCustomizable>1</IsCustomizable>
      <BusinessProcessType>0</BusinessProcessType>
      <IsCustomProcessingStepAllowedForOtherPublishers>1</IsCustomProcessingStepAllowedForOtherPublishers>
      <PrimaryEntity>none</PrimaryEntity>
      <LocalizedNames>
        <LocalizedName languagecode="1033" description="Get Users" />
      </LocalizedNames>
    </Workflow>
  </Workflows>
  <FieldSecurityProfiles />
  <Templates />
  <EntityMaps />
  <EntityRelationships />
  <OrganizationSettings>
    <general>
      <fullnameconventioncode>1</fullnameconventioncode>
      <numberformat>us</numberformat>
      <negativeformatcode>1</negativeformatcode>
      <currencysymbol>$</currencysymbol>
      <currencyformatcode>0</currencyformatcode>
      <pricingdecimalprecision>2</pricingdecimalprecision>
      <sharetopreviousowneronassign>False</sharetopreviousowneronassign>
      <blockedattachments>ade;adp;app;asa;ashx;asmx;asp;bas;bat;cdx;cer;chm;class;cmd;com;config;cpl;crt;csh;dll;exe;fxp;hlp;hta;htr;htw;ida;idc;idq;inf;ins;isp;its;jar;js;jse;ksh;lnk;mad;maf;mag;mam;maq;mar;mas;mat;mau;mav;maw;mda;mdb;mde;mdt;mdw;mdz;msc;msh;msh1;msh1xml;msh2;msh2xml;mshxml;msi;msp;mst;ops;pcd;pif;prf;prg;printer;pst;reg;rem;scf;scr;sct;shb;shs;shtm;shtml;soap;stm;tmp;url;vb;vbe;vbs;vsmacros;vss;vst;vsw;ws;wsc;wsf;wsh</blockedattachments>
      <getstartedpanecontentenabled>True</getstartedpanecontentenabled>
      <ispresenceenabled>True</ispresenceenabled>
      <isautosaveenabled>True</isautosaveenabled>
      <globalhelpurlenabled>False</globalhelpurlenabled>
      <globalappendurlparametersenabled>False</globalappendurlparametersenabled>
      <istextwrapenabled>True</istextwrapenabled>
      <enablelivepersonacarduci>True</enablelivepersonacarduci>
      <allowlegacydialogsembedding>True</allowlegacydialogsembedding>
    </general>
  </OrganizationSettings>
  <optionsets />
  <CustomControls />
  <EntityDataProviders />
  <connectionreferences>
    <connectionreference connectionreferencelogicalname="ce_AzureSQLConnectionRef">
      <connectionreferencedisplayname>AzureSQLConnectionRef</connectionreferencedisplayname>
      <connectorid>/providers/Microsoft.PowerApps/apis/shared_sql</connectorid>
      <iscustomizable>1</iscustomizable>
      <statecode>0</statecode>
      <statuscode>1</statuscode>
    </connectionreference>
    <connectionreference connectionreferencelogicalname="ce_sharedcommondataserviceforapps_a470c">
      <connectionreferencedisplayname>Microsoft Dataverse GraphAPIDemo-a470c</connectionreferencedisplayname>
      <connectorid>/providers/Microsoft.PowerApps/apis/shared_commondataserviceforapps</connectorid>
      <iscustomizable>1</iscustomizable>
      <statecode>0</statecode>
      <statuscode>1</statuscode>
    </connectionreference>
    <connectionreference connectionreferencelogicalname="ce_sharedshifts_2374d">
      <connectionreferencedisplayname>Shifts for Microsoft Teams GraphAPIDemo-2374d</connectionreferencedisplayname>
      <connectorid>/providers/Microsoft.PowerApps/apis/shared_shifts</connectorid>
      <iscustomizable>1</iscustomizable>
      <statecode>0</statecode>
      <statuscode>1</statuscode>
    </connectionreference>
    <connectionreference connectionreferencelogicalname="ce_sharedsql_30f10">
      <connectionreferencedisplayname>SQL Server GraphAPIDemo-30f10</connectionreferencedisplayname>
      <connectorid>/providers/Microsoft.PowerApps/apis/shared_sql</connectorid>
      <iscustomizable>1</iscustomizable>
      <statecode>0</statecode>
      <statuscode>1</statuscode>
    </connectionreference>
  </connectionreferences>
  <Languages>
    <Language>1033</Language>
    <Language>1036</Language>
  </Languages>
</ImportExportXml>